{
  "name": "Input Datasets",
  "color": "#C82423",
  "items": [
    {
      "objectId": "the_pilgrims_of_new_engla",
      "objectType": "DATASET"
    },
    {
      "objectId": "first_across_the_continen",
      "objectType": "DATASET"
    },
    {
      "objectId": "early_european_history",
      "objectType": "DATASET"
    },
    {
      "objectId": "american_men_of_action",
      "objectType": "DATASET"
    },
    {
      "objectId": "ancient_china_simplified",
      "objectType": "DATASET"
    },
    {
      "objectId": "the_quaker_colonies_a_chr",
      "objectType": "DATASET"
    },
    {
      "objectId": "history_of_the_philippine",
      "objectType": "DATASET"
    },
    {
      "objectId": "the_old_bell_of_independe",
      "objectType": "DATASET"
    },
    {
      "objectId": "ten_great_events_in_histo",
      "objectType": "DATASET"
    },
    {
      "objectId": "how_britannia_came_to_rul",
      "objectType": "DATASET"
    },
    {
      "objectId": "the_railroad_builders_a_c",
      "objectType": "DATASET"
    },
    {
      "objectId": "king_alfreds_viking_a_sto",
      "objectType": "DATASET"
    },
    {
      "objectId": "little_journey_to_puerto_",
      "objectType": "DATASET"
    },
    {
      "objectId": "the_treasury_of_ancient_e",
      "objectType": "DATASET"
    },
    {
      "objectId": "washington_and_his_collea",
      "objectType": "DATASET"
    },
    {
      "objectId": "great_epochs_in_american_",
      "objectType": "DATASET"
    },
    {
      "objectId": "holland_the_history_of_th",
      "objectType": "DATASET"
    },
    {
      "objectId": "the_oregon_trail_sketches",
      "objectType": "DATASET"
    },
    {
      "objectId": "the_boss_and_the_machine_",
      "objectType": "DATASET"
    },
    {
      "objectId": "the_agrarian_crusade_a_ch",
      "objectType": "DATASET"
    },
    {
      "objectId": "kings_queens_and_pawns_an",
      "objectType": "DATASET"
    },
    {
      "objectId": "true_stories_of_history_a",
      "objectType": "DATASET"
    },
    {
      "objectId": "womans_life_in_colonial_d",
      "objectType": "DATASET"
    },
    {
      "objectId": "a_brief_history_of_the_un",
      "objectType": "DATASET"
    },
    {
      "objectId": "history_of_the_united_sta",
      "objectType": "DATASET"
    },
    {
      "objectId": "the_northmen_columbus_and",
      "objectType": "DATASET"
    },
    {
      "objectId": "a_childs_history_of_engla",
      "objectType": "DATASET"
    },
    {
      "objectId": "hero_tales_from_american_",
      "objectType": "DATASET"
    },
    {
      "objectId": "the_land_we_live_in",
      "objectType": "DATASET"
    },
    {
      "objectId": "camps_and_trails_in_china",
      "objectType": "DATASET"
    },
    {
      "objectId": "the_red_mans_continent_a_",
      "objectType": "DATASET"
    },
    {
      "objectId": "john_marshall_and_the_con",
      "objectType": "DATASET"
    },
    {
      "objectId": "the_old_merchant_marine_a",
      "objectType": "DATASET"
    },
    {
      "objectId": "the_story_of_geographical",
      "objectType": "DATASET"
    },
    {
      "objectId": "letters_of_a_woman_homest",
      "objectType": "DATASET"
    },
    {
      "objectId": "general_history_for_colle",
      "objectType": "DATASET"
    },
    {
      "objectId": "peter_parleys_tales_about",
      "objectType": "DATASET"
    },
    {
      "objectId": "great_britain_and_the_ame",
      "objectType": "DATASET"
    },
    {
      "objectId": "the_antislavery_crusade_a",
      "objectType": "DATASET"
    },
    {
      "objectId": "the_age_of_big_business_a",
      "objectType": "DATASET"
    },
    {
      "objectId": "pioneers_of_the_old_south",
      "objectType": "DATASET"
    },
    {
      "objectId": "ancient_egypt",
      "objectType": "DATASET"
    },
    {
      "objectId": "the_san_francisco_calamit",
      "objectType": "DATASET"
    },
    {
      "objectId": "the_history_of_puerto_ric",
      "objectType": "DATASET"
    },
    {
      "objectId": "manual_of_egyptian_archae",
      "objectType": "DATASET"
    },
    {
      "objectId": "the_fortyniners_a_chronic",
      "objectType": "DATASET"
    },
    {
      "objectId": "england_in_america_158016",
      "objectType": "DATASET"
    },
    {
      "objectId": "beacon_lights_of_history_",
      "objectType": "DATASET"
    },
    {
      "objectId": "a_history_of_china",
      "objectType": "DATASET"
    },
    {
      "objectId": "the_leading_facts_of_engl",
      "objectType": "DATASET"
    },
    {
      "objectId": "buried_cities_pompeii_oly",
      "objectType": "DATASET"
    },
    {
      "objectId": "the_new_south_a_chronicle",
      "objectType": "DATASET"
    },
    {
      "objectId": "the_story_of_ireland",
      "objectType": "DATASET"
    },
    {
      "objectId": "the_story_of_the_greeks",
      "objectType": "DATASET"
    },
    {
      "objectId": "the_eve_of_the_french_rev",
      "objectType": "DATASET"
    },
    {
      "objectId": "history_of_holland",
      "objectType": "DATASET"
    },
    {
      "objectId": "the_armies_of_labor_a_chr",
      "objectType": "DATASET"
    },
    {
      "objectId": "crusaders_of_new_france",
      "objectType": "DATASET"
    },
    {
      "objectId": "the_women_who_came_in_the",
      "objectType": "DATASET"
    },
    {
      "objectId": "stories_of_later_american",
      "objectType": "DATASET"
    },
    {
      "objectId": "the_story_of_manhattan",
      "objectType": "DATASET"
    },
    {
      "objectId": "the_day_of_the_confederac",
      "objectType": "DATASET"
    },
    {
      "objectId": "a_short_history_of_wales",
      "objectType": "DATASET"
    },
    {
      "objectId": "twelve_studies_on_the_mak",
      "objectType": "DATASET"
    },
    {
      "objectId": "freedoms_battle",
      "objectType": "DATASET"
    },
    {
      "objectId": "woman_in_the_nineteenth_c",
      "objectType": "DATASET"
    },
    {
      "objectId": "a_short_history_of_the_un",
      "objectType": "DATASET"
    },
    {
      "objectId": "the_journals_of_lewis_and",
      "objectType": "DATASET"
    },
    {
      "objectId": "the_path_of_empire_a_chro",
      "objectType": "DATASET"
    },
    {
      "objectId": "ancient_man_the_beginning",
      "objectType": "DATASET"
    },
    {
      "objectId": "the_age_of_invention_a_ch",
      "objectType": "DATASET"
    },
    {
      "objectId": "history_of_the_plague_in_",
      "objectType": "DATASET"
    },
    {
      "objectId": "the_paths_of_inland_comme",
      "objectType": "DATASET"
    },
    {
      "objectId": "a_short_history_of_scotla",
      "objectType": "DATASET"
    },
    {
      "objectId": "sinking_of_the_titanic_an",
      "objectType": "DATASET"
    },
    {
      "objectId": "this_country_of_ours",
      "objectType": "DATASET"
    },
    {
      "objectId": "our_foreigners_a_chronicl",
      "objectType": "DATASET"
    },
    {
      "objectId": "a_school_history_of_the_u",
      "objectType": "DATASET"
    },
    {
      "objectId": "the_antislavery_alphabet",
      "objectType": "DATASET"
    },
    {
      "objectId": "woman_on_the_american_fro",
      "objectType": "DATASET"
    },
    {
      "objectId": "a_school_history_of_the_g",
      "objectType": "DATASET"
    },
    {
      "objectId": "introductory_american_his",
      "objectType": "DATASET"
    },
    {
      "objectId": "the_fathers_of_the_consti",
      "objectType": "DATASET"
    },
    {
      "objectId": "the_story_of_mankind",
      "objectType": "DATASET"
    },
    {
      "objectId": "captains_of_the_civil_war",
      "objectType": "DATASET"
    },
    {
      "objectId": "washington_and_his_comrad",
      "objectType": "DATASET"
    },
    {
      "objectId": "the_story_of_the_barbary_",
      "objectType": "DATASET"
    },
    {
      "objectId": "the_eve_of_the_revolution",
      "objectType": "DATASET"
    },
    {
      "objectId": "young_peoples_history_of_",
      "objectType": "DATASET"
    },
    {
      "objectId": "the_beginners_american_hi",
      "objectType": "DATASET"
    },
    {
      "objectId": "the_canadian_dominion_a_c",
      "objectType": "DATASET"
    },
    {
      "objectId": "a_modern_history_from_the",
      "objectType": "DATASET"
    },
    {
      "objectId": "the_kiltartan_history_boo",
      "objectType": "DATASET"
    },
    {
      "objectId": "sabbath_in_puritan_new_en",
      "objectType": "DATASET"
    },
    {
      "objectId": "the_hispanic_nations_of_t",
      "objectType": "DATASET"
    },
    {
      "objectId": "ontario_teachers_manuals_",
      "objectType": "DATASET"
    },
    {
      "objectId": "the_story_of_the_pony_exp",
      "objectType": "DATASET"
    },
    {
      "objectId": "the_american_spirit_in_li",
      "objectType": "DATASET"
    },
    {
      "objectId": "elizabethan_seadogs_a_chr",
      "objectType": "DATASET"
    },
    {
      "objectId": "history_of_france",
      "objectType": "DATASET"
    },
    {
      "objectId": "the_loss_of_the_s_s_titan",
      "objectType": "DATASET"
    },
    {
      "objectId": "jefferson_and_his_colleag",
      "objectType": "DATASET"
    },
    {
      "objectId": "the_old_northwest_a_chron",
      "objectType": "DATASET"
    },
    {
      "objectId": "the_sequel_of_appomattox_",
      "objectType": "DATASET"
    },
    {
      "objectId": "pathfinders_of_the_west",
      "objectType": "DATASET"
    },
    {
      "objectId": "personal_memoirs_of_u_s_g",
      "objectType": "DATASET"
    },
    {
      "objectId": "the_balkans_a_history_of_",
      "objectType": "DATASET"
    },
    {
      "objectId": "the_conquest_of_new_franc",
      "objectType": "DATASET"
    },
    {
      "objectId": "stories_of_great_american",
      "objectType": "DATASET"
    },
    {
      "objectId": "the_fight_for_a_free_sea_",
      "objectType": "DATASET"
    },
    {
      "objectId": "days_of_the_discoverers",
      "objectType": "DATASET"
    },
    {
      "objectId": "strange_stories_from_hist",
      "objectType": "DATASET"
    },
    {
      "objectId": "abraham_lincoln_and_the_u",
      "objectType": "DATASET"
    },
    {
      "objectId": "compute_combined_raw",
      "objectType": "RECIPE"
    },
    {
      "objectId": "combined_raw",
      "objectType": "DATASET"
    }
  ],
  "shared": [],
  "tags": [],
  "customFields": {},
  "checklists": {
    "checklists": []
  }
}