{
  "name": "Data Processing",
  "color": "#8C2DA7",
  "items": [
    {
      "objectId": "larger-raw",
      "objectType": "DATASET"
    },
    {
      "objectId": "compute_larger-raw",
      "objectType": "RECIPE"
    },
    {
      "objectId": "largest-raw",
      "objectType": "DATASET"
    },
    {
      "objectId": "compute_largest-raw",
      "objectType": "RECIPE"
    },
    {
      "objectId": "largest-raw_prepared",
      "objectType": "DATASET"
    },
    {
      "objectId": "compute_largest-raw_prepared",
      "objectType": "RECIPE"
    },
    {
      "objectId": "largest-raw-cleaned-lemma",
      "objectType": "DATASET"
    },
    {
      "objectId": "compute_largest-raw-cleaned-lemma",
      "objectType": "RECIPE"
    },
    {
      "objectId": "tfidf-large",
      "objectType": "DATASET"
    },
    {
      "objectId": "compute_tfidf-large",
      "objectType": "RECIPE"
    },
    {
      "objectId": "svd-large",
      "objectType": "DATASET"
    },
    {
      "objectId": "compute_svd-large",
      "objectType": "RECIPE"
    },
    {
      "objectId": "lsa",
      "objectType": "DATASET"
    },
    {
      "objectId": "compute_lsa",
      "objectType": "RECIPE"
    },
    {
      "objectId": "sparknlp-large-lemma",
      "objectType": "DATASET"
    },
    {
      "objectId": "compute_sparknlp-large-lemma",
      "objectType": "RECIPE"
    },
    {
      "objectId": "sparknlp-large-wc",
      "objectType": "DATASET"
    },
    {
      "objectId": "compute_sparknlp-large-wc",
      "objectType": "RECIPE"
    },
    {
      "objectId": "sparknlp-large-ner-dl",
      "objectType": "DATASET"
    },
    {
      "objectId": "compute_sparknlp-large-ner-dl",
      "objectType": "RECIPE"
    },
    {
      "objectId": "largest-raw-compressed",
      "objectType": "DATASET"
    },
    {
      "objectId": "compute_largest-raw-compressed",
      "objectType": "RECIPE"
    },
    {
      "objectId": "compressed-lsa",
      "objectType": "DATASET"
    },
    {
      "objectId": "compute_compressed-lsa",
      "objectType": "RECIPE"
    },
    {
      "objectId": "large-compressed-nerdl",
      "objectType": "DATASET"
    },
    {
      "objectId": "compute_large-compressed-nerdl",
      "objectType": "RECIPE"
    },
    {
      "objectId": "large-compressed-lemma",
      "objectType": "DATASET"
    },
    {
      "objectId": "compute_large-compressed-lemma",
      "objectType": "RECIPE"
    },
    {
      "objectId": "ner-python",
      "objectType": "DATASET"
    },
    {
      "objectId": "compute_ner-python",
      "objectType": "RECIPE"
    },
    {
      "objectId": "ner-python-compressed",
      "objectType": "DATASET"
    },
    {
      "objectId": "compute_ner-python-compressed",
      "objectType": "RECIPE"
    },
    {
      "objectId": "tf-idf-compressed",
      "objectType": "DATASET"
    },
    {
      "objectId": "compute_tf-idf-compressed",
      "objectType": "RECIPE"
    },
    {
      "objectId": "count-keywords-by-section",
      "objectType": "DATASET"
    },
    {
      "objectId": "compute_count-keywords-by-section",
      "objectType": "RECIPE"
    },
    {
      "objectId": "image-cloud-dataset",
      "objectType": "DATASET"
    },
    {
      "objectId": "compute_image-cloud-dataset",
      "objectType": "RECIPE"
    },
    {
      "objectId": "streamgraph-dataset",
      "objectType": "DATASET"
    },
    {
      "objectId": "compute_streamgraph-dataset",
      "objectType": "RECIPE"
    },
    {
      "objectId": "streamgraph-dataset-py",
      "objectType": "DATASET"
    },
    {
      "objectId": "compute_streamgraph-dataset-py",
      "objectType": "RECIPE"
    },
    {
      "objectId": "book_rel_info",
      "objectType": "DATASET"
    },
    {
      "objectId": "compute_book_rel_info",
      "objectType": "RECIPE"
    },
    {
      "objectId": "book_info",
      "objectType": "DATASET"
    },
    {
      "objectId": "compute_book_info",
      "objectType": "RECIPE"
    },
    {
      "objectId": "image-cloud",
      "objectType": "DATASET"
    },
    {
      "objectId": "compute_image-cloud",
      "objectType": "RECIPE"
    },
    {
      "objectId": "map-dataset",
      "objectType": "DATASET"
    },
    {
      "objectId": "compute_map-dataset",
      "objectType": "RECIPE"
    },
    {
      "objectId": "map-final",
      "objectType": "DATASET"
    },
    {
      "objectId": "compute_map-final",
      "objectType": "RECIPE"
    },
    {
      "objectId": "compute_book_rel_info_mongo",
      "objectType": "RECIPE"
    },
    {
      "objectId": "book_rel_info_mongo",
      "objectType": "DATASET"
    },
    {
      "objectId": "compute_book_info_mongo",
      "objectType": "RECIPE"
    },
    {
      "objectId": "book_info_mongo",
      "objectType": "DATASET"
    },
    {
      "objectId": "compute_image-cloud-mongo",
      "objectType": "RECIPE"
    },
    {
      "objectId": "image-cloud-mongo",
      "objectType": "DATASET"
    },
    {
      "objectId": "compute_map-dataset-mongo",
      "objectType": "RECIPE"
    },
    {
      "objectId": "map-dataset-mongo",
      "objectType": "DATASET"
    },
    {
      "objectId": "compute_image_cloud_mongo",
      "objectType": "RECIPE"
    },
    {
      "objectId": "image_cloud_mongo",
      "objectType": "DATASET"
    },
    {
      "objectId": "compute_map_dataset_mongo",
      "objectType": "RECIPE"
    },
    {
      "objectId": "map_dataset_mongo",
      "objectType": "DATASET"
    },
    {
      "objectId": "compute_streamgraph_dataset_mongo",
      "objectType": "RECIPE"
    },
    {
      "objectId": "streamgraph_dataset_mongo",
      "objectType": "DATASET"
    },
    {
      "objectId": "streamgraph_data_mongo",
      "objectType": "DATASET"
    },
    {
      "objectId": "compute_streamgraph_data_mongo",
      "objectType": "RECIPE"
    }
  ],
  "shared": [],
  "tags": [],
  "customFields": {},
  "checklists": {
    "checklists": []
  }
}