{
  "type": "pyspark",
  "neverRecomputeExistingPartitions": false,
  "optionalDependencies": false,
  "params": {
    "envSelection": {
      "envMode": "EXPLICIT_ENV",
      "envName": "sparknlp"
    },
    "sparkConfig": {
      "inheritConf": "default",
      "conf": []
    },
    "executionEngine": "SPARK_SUBMIT",
    "pipelineAllowStart": true,
    "pipelineAllowMerge": true,
    "skipPrerunValidate": false
  },
  "customMeta": {
    "kv": {}
  },
  "redispatchPartitioning": false,
  "maxRunningActivities": 0,
  "inputs": {
    "main": {
      "items": [
        {
          "ref": "largest-raw_prepared",
          "deps": []
        }
      ]
    }
  },
  "outputs": {
    "main": {
      "items": [
        {
          "ref": "sparknlp-large-lemma",
          "appendMode": false
        }
      ]
    }
  },
  "versionTag": {
    "versionNumber": 4,
    "lastModifiedBy": {
      "login": "xavier"
    },
    "lastModifiedOn": 1603160796014
  },
  "creationTag": {
    "versionNumber": 0,
    "lastModifiedBy": {
      "login": "xavier"
    },
    "lastModifiedOn": 1603160637195
  },
  "tags": [],
  "customFields": {},
  "checklists": {
    "checklists": []
  }
}