{
  "type": "python",
  "neverRecomputeExistingPartitions": false,
  "optionalDependencies": false,
  "params": {
    "envSelection": {
      "envMode": "INHERIT"
    },
    "containerSelection": {
      "containerMode": "INHERIT"
    },
    "skipPrerunValidate": false
  },
  "customMeta": {
    "kv": {}
  },
  "redispatchPartitioning": false,
  "maxRunningActivities": 0,
  "inputs": {
    "main": {
      "items": [
        {
          "ref": "count-keywords-by-section",
          "deps": []
        }
      ]
    }
  },
  "outputs": {
    "main": {
      "items": [
        {
          "ref": "streamgraph-dataset-py",
          "appendMode": false
        }
      ]
    }
  },
  "versionTag": {
    "versionNumber": 25,
    "lastModifiedBy": {
      "login": "xavier"
    },
    "lastModifiedOn": 1604932669664
  },
  "creationTag": {
    "versionNumber": 0,
    "lastModifiedBy": {
      "login": "xavier"
    },
    "lastModifiedOn": 1604869032271
  },
  "tags": [],
  "customFields": {},
  "checklists": {
    "checklists": []
  }
}