{
  "type": "vstack",
  "neverRecomputeExistingPartitions": false,
  "optionalDependencies": false,
  "customMeta": {
    "kv": {}
  },
  "redispatchPartitioning": false,
  "maxRunningActivities": 0,
  "inputs": {
    "main": {
      "items": [
        {
          "ref": "the_pilgrims_of_new_engla",
          "deps": []
        },
        {
          "ref": "first_across_the_continen",
          "deps": []
        },
        {
          "ref": "early_european_history",
          "deps": []
        },
        {
          "ref": "american_men_of_action",
          "deps": []
        },
        {
          "ref": "ancient_china_simplified",
          "deps": []
        },
        {
          "ref": "the_quaker_colonies_a_chr",
          "deps": []
        },
        {
          "ref": "history_of_the_philippine",
          "deps": []
        },
        {
          "ref": "the_old_bell_of_independe",
          "deps": []
        },
        {
          "ref": "ten_great_events_in_histo",
          "deps": []
        },
        {
          "ref": "how_britannia_came_to_rul",
          "deps": []
        },
        {
          "ref": "the_railroad_builders_a_c",
          "deps": []
        },
        {
          "ref": "king_alfreds_viking_a_sto",
          "deps": []
        },
        {
          "ref": "little_journey_to_puerto_",
          "deps": []
        },
        {
          "ref": "the_treasury_of_ancient_e",
          "deps": []
        },
        {
          "ref": "washington_and_his_collea",
          "deps": []
        },
        {
          "ref": "great_epochs_in_american_",
          "deps": []
        },
        {
          "ref": "holland_the_history_of_th",
          "deps": []
        },
        {
          "ref": "the_oregon_trail_sketches",
          "deps": []
        },
        {
          "ref": "the_boss_and_the_machine_",
          "deps": []
        },
        {
          "ref": "the_agrarian_crusade_a_ch",
          "deps": []
        },
        {
          "ref": "kings_queens_and_pawns_an",
          "deps": []
        },
        {
          "ref": "true_stories_of_history_a",
          "deps": []
        },
        {
          "ref": "womans_life_in_colonial_d",
          "deps": []
        },
        {
          "ref": "a_brief_history_of_the_un",
          "deps": []
        },
        {
          "ref": "history_of_the_united_sta",
          "deps": []
        },
        {
          "ref": "the_northmen_columbus_and",
          "deps": []
        },
        {
          "ref": "a_childs_history_of_engla",
          "deps": []
        },
        {
          "ref": "hero_tales_from_american_",
          "deps": []
        },
        {
          "ref": "the_land_we_live_in",
          "deps": []
        },
        {
          "ref": "camps_and_trails_in_china",
          "deps": []
        },
        {
          "ref": "the_red_mans_continent_a_",
          "deps": []
        },
        {
          "ref": "john_marshall_and_the_con",
          "deps": []
        },
        {
          "ref": "the_old_merchant_marine_a",
          "deps": []
        },
        {
          "ref": "the_story_of_geographical",
          "deps": []
        },
        {
          "ref": "letters_of_a_woman_homest",
          "deps": []
        },
        {
          "ref": "general_history_for_colle",
          "deps": []
        },
        {
          "ref": "peter_parleys_tales_about",
          "deps": []
        },
        {
          "ref": "great_britain_and_the_ame",
          "deps": []
        },
        {
          "ref": "the_antislavery_crusade_a",
          "deps": []
        },
        {
          "ref": "the_age_of_big_business_a",
          "deps": []
        },
        {
          "ref": "pioneers_of_the_old_south",
          "deps": []
        },
        {
          "ref": "ancient_egypt",
          "deps": []
        },
        {
          "ref": "the_san_francisco_calamit",
          "deps": []
        },
        {
          "ref": "the_history_of_puerto_ric",
          "deps": []
        },
        {
          "ref": "manual_of_egyptian_archae",
          "deps": []
        },
        {
          "ref": "the_fortyniners_a_chronic",
          "deps": []
        },
        {
          "ref": "england_in_america_158016",
          "deps": []
        },
        {
          "ref": "beacon_lights_of_history_",
          "deps": []
        },
        {
          "ref": "a_history_of_china",
          "deps": []
        },
        {
          "ref": "the_leading_facts_of_engl",
          "deps": []
        },
        {
          "ref": "buried_cities_pompeii_oly",
          "deps": []
        },
        {
          "ref": "the_new_south_a_chronicle",
          "deps": []
        },
        {
          "ref": "the_story_of_ireland",
          "deps": []
        },
        {
          "ref": "the_story_of_the_greeks",
          "deps": []
        },
        {
          "ref": "the_eve_of_the_french_rev",
          "deps": []
        },
        {
          "ref": "history_of_holland",
          "deps": []
        },
        {
          "ref": "the_armies_of_labor_a_chr",
          "deps": []
        },
        {
          "ref": "crusaders_of_new_france",
          "deps": []
        },
        {
          "ref": "the_women_who_came_in_the",
          "deps": []
        },
        {
          "ref": "stories_of_later_american",
          "deps": []
        },
        {
          "ref": "the_story_of_manhattan",
          "deps": []
        },
        {
          "ref": "the_day_of_the_confederac",
          "deps": []
        },
        {
          "ref": "a_short_history_of_wales",
          "deps": []
        },
        {
          "ref": "twelve_studies_on_the_mak",
          "deps": []
        },
        {
          "ref": "freedoms_battle",
          "deps": []
        },
        {
          "ref": "woman_in_the_nineteenth_c",
          "deps": []
        },
        {
          "ref": "a_short_history_of_the_un",
          "deps": []
        },
        {
          "ref": "the_journals_of_lewis_and",
          "deps": []
        },
        {
          "ref": "the_path_of_empire_a_chro",
          "deps": []
        },
        {
          "ref": "ancient_man_the_beginning",
          "deps": []
        },
        {
          "ref": "the_age_of_invention_a_ch",
          "deps": []
        },
        {
          "ref": "history_of_the_plague_in_",
          "deps": []
        },
        {
          "ref": "the_paths_of_inland_comme",
          "deps": []
        },
        {
          "ref": "a_short_history_of_scotla",
          "deps": []
        },
        {
          "ref": "sinking_of_the_titanic_an",
          "deps": []
        },
        {
          "ref": "this_country_of_ours",
          "deps": []
        },
        {
          "ref": "our_foreigners_a_chronicl",
          "deps": []
        },
        {
          "ref": "a_school_history_of_the_u",
          "deps": []
        },
        {
          "ref": "the_antislavery_alphabet",
          "deps": []
        },
        {
          "ref": "woman_on_the_american_fro",
          "deps": []
        },
        {
          "ref": "a_school_history_of_the_g",
          "deps": []
        },
        {
          "ref": "introductory_american_his",
          "deps": []
        },
        {
          "ref": "the_fathers_of_the_consti",
          "deps": []
        },
        {
          "ref": "the_story_of_mankind",
          "deps": []
        },
        {
          "ref": "captains_of_the_civil_war",
          "deps": []
        },
        {
          "ref": "washington_and_his_comrad",
          "deps": []
        },
        {
          "ref": "the_story_of_the_barbary_",
          "deps": []
        },
        {
          "ref": "the_eve_of_the_revolution",
          "deps": []
        },
        {
          "ref": "young_peoples_history_of_",
          "deps": []
        },
        {
          "ref": "the_beginners_american_hi",
          "deps": []
        },
        {
          "ref": "the_canadian_dominion_a_c",
          "deps": []
        },
        {
          "ref": "a_modern_history_from_the",
          "deps": []
        },
        {
          "ref": "the_kiltartan_history_boo",
          "deps": []
        },
        {
          "ref": "sabbath_in_puritan_new_en",
          "deps": []
        },
        {
          "ref": "the_hispanic_nations_of_t",
          "deps": []
        },
        {
          "ref": "ontario_teachers_manuals_",
          "deps": []
        },
        {
          "ref": "the_story_of_the_pony_exp",
          "deps": []
        },
        {
          "ref": "the_american_spirit_in_li",
          "deps": []
        },
        {
          "ref": "elizabethan_seadogs_a_chr",
          "deps": []
        },
        {
          "ref": "history_of_france",
          "deps": []
        },
        {
          "ref": "the_loss_of_the_s_s_titan",
          "deps": []
        },
        {
          "ref": "jefferson_and_his_colleag",
          "deps": []
        },
        {
          "ref": "the_old_northwest_a_chron",
          "deps": []
        },
        {
          "ref": "the_sequel_of_appomattox_",
          "deps": []
        },
        {
          "ref": "pathfinders_of_the_west",
          "deps": []
        },
        {
          "ref": "personal_memoirs_of_u_s_g",
          "deps": []
        },
        {
          "ref": "the_balkans_a_history_of_",
          "deps": []
        },
        {
          "ref": "the_conquest_of_new_franc",
          "deps": []
        },
        {
          "ref": "stories_of_great_american",
          "deps": []
        },
        {
          "ref": "the_fight_for_a_free_sea_",
          "deps": []
        },
        {
          "ref": "days_of_the_discoverers",
          "deps": []
        },
        {
          "ref": "strange_stories_from_hist",
          "deps": []
        },
        {
          "ref": "abraham_lincoln_and_the_u",
          "deps": []
        }
      ]
    }
  },
  "outputs": {
    "main": {
      "items": [
        {
          "ref": "combined_raw",
          "appendMode": false
        }
      ]
    }
  },
  "versionTag": {
    "versionNumber": 1,
    "lastModifiedBy": {
      "login": "xavier"
    },
    "lastModifiedOn": 1602680664087
  },
  "creationTag": {
    "versionNumber": 0,
    "lastModifiedBy": {
      "login": "xavier"
    },
    "lastModifiedOn": 1602680661028
  },
  "tags": [],
  "customFields": {},
  "checklists": {
    "checklists": []
  }
}