{
  "type": "pyspark",
  "neverRecomputeExistingPartitions": false,
  "optionalDependencies": false,
  "params": {
    "envSelection": {
      "envMode": "EXPLICIT_ENV",
      "envName": "sparknlp"
    },
    "sparkConfig": {
      "inheritConf": "default",
      "conf": [
        {
          "key": "spark.driver.memory",
          "value": "15g"
        },
        {
          "key": "spark.executor.memory",
          "value": "10g"
        }
      ]
    },
    "executionEngine": "SPARK_SUBMIT",
    "pipelineAllowStart": true,
    "pipelineAllowMerge": true,
    "skipPrerunValidate": false
  },
  "customMeta": {
    "kv": {}
  },
  "redispatchPartitioning": false,
  "maxRunningActivities": 0,
  "inputs": {
    "main": {
      "items": [
        {
          "ref": "largest-raw-compressed",
          "deps": []
        }
      ]
    }
  },
  "outputs": {
    "main": {
      "items": [
        {
          "ref": "large-compressed-nerdl",
          "appendMode": false
        }
      ]
    }
  },
  "versionTag": {
    "versionNumber": 10,
    "lastModifiedBy": {
      "login": "xavier"
    },
    "lastModifiedOn": 1603397784923
  },
  "creationTag": {
    "versionNumber": 0,
    "lastModifiedBy": {
      "login": "xavier"
    },
    "lastModifiedOn": 1603380916691
  },
  "tags": [],
  "customFields": {},
  "checklists": {
    "checklists": []
  }
}