{
  "type": "vstack",
  "neverRecomputeExistingPartitions": false,
  "optionalDependencies": false,
  "customMeta": {
    "kv": {}
  },
  "redispatchPartitioning": false,
  "maxRunningActivities": 0,
  "inputs": {
    "main": {
      "items": [
        {
          "ref": "a_brief_history_of_the_united_states",
          "deps": []
        },
        {
          "ref": "history_of_the_eightysixth_regiment_illinois_volunteer_infantry_during_its_term_of_service",
          "deps": []
        },
        {
          "ref": "washington_and_his_colleagues_a_chronicle_of_the_rise_and_fall_of_federalism",
          "deps": []
        },
        {
          "ref": "narratives_of_new_netherland_16091664",
          "deps": []
        },
        {
          "ref": "over_the_rocky_mountains_to_alaska",
          "deps": []
        },
        {
          "ref": "the_new_york_and_albany_post_road",
          "deps": []
        },
        {
          "ref": "the_naval_history_of_the_united_states_volume_1",
          "deps": []
        },
        {
          "ref": "the_old_northwest_a_chronicle_of_the_ohio_valley_and_beyond",
          "deps": []
        },
        {
          "ref": "a_short_history_of_the_united_states_for_school_use",
          "deps": []
        },
        {
          "ref": "the_new_south_a_chronicle_of_social_and_industrial_evolution",
          "deps": []
        },
        {
          "ref": "france_and_england_in_north_america_part_i_pioneers_of_france_in_the_new_world",
          "deps": []
        },
        {
          "ref": "the_loyalists_of_america_and_their_times_vol_2_of_2",
          "deps": []
        },
        {
          "ref": "life_at_puget_sound_with_sketches_of_travel_in_washington_territory_british_columbia_oregon_and_california",
          "deps": []
        },
        {
          "ref": "our_changing_constitution",
          "deps": []
        },
        {
          "ref": "the_armies_of_labor_a_chronicle_of_the_organized_wageearners",
          "deps": []
        },
        {
          "ref": "the_paths_of_inland_commerce_a_chronicle_of_trail_road_and_waterway",
          "deps": []
        },
        {
          "ref": "the_campaign_of_trenton_177677",
          "deps": []
        },
        {
          "ref": "customs_and_fashions_in_old_new_england",
          "deps": []
        },
        {
          "ref": "abraham_lincoln_and_the_union_a_chronicle_of_the_embattled_north",
          "deps": []
        },
        {
          "ref": "stories_of_new_jersey",
          "deps": []
        },
        {
          "ref": "the_conquest_of_new_france_a_chronicle_of_the_colonial_wars",
          "deps": []
        },
        {
          "ref": "comic_history_of_the_united_states",
          "deps": []
        },
        {
          "ref": "impressions_of_america_during_the_years_1833_1834_and_1835_volume_1_of_2",
          "deps": []
        },
        {
          "ref": "pioneers_of_the_old_southwest_a_chronicle_of_the_dark_and_bloody_ground",
          "deps": []
        },
        {
          "ref": "ten_thousand_miles_with_a_dog_sled",
          "deps": []
        },
        {
          "ref": "history_of_the_united_states",
          "deps": []
        },
        {
          "ref": "the_day_of_the_confederacy_a_chronicle_of_the_embattled_south",
          "deps": []
        },
        {
          "ref": "the_old_merchant_marine_a_chronicle_of_american_ships_and_sailors",
          "deps": []
        },
        {
          "ref": "john_marshall_and_the_constitution_a_chronicle_of_the_supreme_court",
          "deps": []
        },
        {
          "ref": "western_characters_or_types_of_border_life_in_the_western_states",
          "deps": []
        },
        {
          "ref": "the_fathers_of_the_constitution_a_chronicle_of_the_establishment_of_the_union",
          "deps": []
        },
        {
          "ref": "elizabethan_seadogs_a_chronicle_of_drake_and_his_companions",
          "deps": []
        },
        {
          "ref": "a_treatise_on_the_tactical_use_of_the_three_arms_infantry_artillery_and_cavalry",
          "deps": []
        },
        {
          "ref": "a_political_history_of_the_state_of_new_york_volumes_13",
          "deps": []
        },
        {
          "ref": "pioneers_of_the_old_south_a_chronicle_of_english_colonial_beginnings",
          "deps": []
        },
        {
          "ref": "the_canadian_dominion_a_chronicle_of_our_northern_neighbor",
          "deps": []
        },
        {
          "ref": "the_quaker_colonies_a_chronicle_of_the_proprietors_of_the_delaware",
          "deps": []
        },
        {
          "ref": "history_of_the_159th_regiment_nysv",
          "deps": []
        },
        {
          "ref": "our_foreigners_a_chronicle_of_americans_in_the_making",
          "deps": []
        },
        {
          "ref": "the_railroad_builders_a_chronicle_of_the_welding_of_the_states",
          "deps": []
        },
        {
          "ref": "the_prairie_traveler_a_handbook_for_overland_expeditions",
          "deps": []
        },
        {
          "ref": "the_negro_at_work_in_new_york_city_a_study_in_economic_progress",
          "deps": []
        },
        {
          "ref": "the_agrarian_crusade_a_chronicle_of_the_farmer_in_politics",
          "deps": []
        },
        {
          "ref": "france_and_england_in_north_america_part_iii_the_discovery_of_the_great_west_1870",
          "deps": []
        },
        {
          "ref": "the_government_class_book",
          "deps": []
        },
        {
          "ref": "amendments_to_the_united_states_constitution",
          "deps": []
        },
        {
          "ref": "the_declaration_of_independence_of_the_united_states_of_america",
          "deps": []
        },
        {
          "ref": "home_life_in_colonial_days",
          "deps": []
        },
        {
          "ref": "the_hispanic_nations_of_the_new_world_a_chronicle_of_our_southern_neighbors",
          "deps": []
        },
        {
          "ref": "stories_of_georgia",
          "deps": []
        },
        {
          "ref": "the_frontier_in_american_history",
          "deps": []
        },
        {
          "ref": "the_path_of_empire_a_chronicle_of_the_united_states_as_a_world_power",
          "deps": []
        },
        {
          "ref": "a_history_of_the_united_states",
          "deps": []
        },
        {
          "ref": "the_age_of_invention_a_chronicle_of_mechanical_conquest",
          "deps": []
        },
        {
          "ref": "between_the_lines_secret_service_stories_told_fifty_years_after",
          "deps": []
        },
        {
          "ref": "the_antislavery_crusade_a_chronicle_of_the_gathering_storm",
          "deps": []
        },
        {
          "ref": "redtape_and_pigeonhole_generals",
          "deps": []
        },
        {
          "ref": "jefferson_and_his_colleagues_a_chronicle_of_the_virginia_dynasty",
          "deps": []
        },
        {
          "ref": "washington_and_his_comrades_in_arms_a_chronicle_of_the_war_of_independence",
          "deps": []
        },
        {
          "ref": "stories_of_ohio",
          "deps": []
        },
        {
          "ref": "a_journey_to_america_in_1834",
          "deps": []
        },
        {
          "ref": "the_federalist_papers",
          "deps": []
        },
        {
          "ref": "the_fight_for_a_free_sea_a_chronicle_of_the_war_of_1812",
          "deps": []
        },
        {
          "ref": "a_halfcentury_of_conflict__volume_ii",
          "deps": []
        },
        {
          "ref": "a_school_history_of_the_united_states",
          "deps": []
        },
        {
          "ref": "the_medallic_history_of_the_united_states_of_america_17761876",
          "deps": []
        },
        {
          "ref": "the_constitution_of_the_united_states",
          "deps": []
        },
        {
          "ref": "the_fortyniners_a_chronicle_of_the_california_trail_and_el_dorado",
          "deps": []
        },
        {
          "ref": "captains_of_the_civil_war_a_chronicle_of_the_blue_and_the_gray",
          "deps": []
        },
        {
          "ref": "history_of_the_united_states_volume_4",
          "deps": []
        },
        {
          "ref": "history_of_the_united_states_volume_3",
          "deps": []
        },
        {
          "ref": "history_of_the_united_states_volume_2",
          "deps": []
        },
        {
          "ref": "history_of_the_united_states_volume_1",
          "deps": []
        },
        {
          "ref": "tintypes_taken_in_the_streets_of_new_york",
          "deps": []
        },
        {
          "ref": "history_of_the_united_states_volume_6",
          "deps": []
        },
        {
          "ref": "the_age_of_big_business_a_chronicle_of_the_captains_of_industry",
          "deps": []
        },
        {
          "ref": "the_red_mans_continent_a_chronicle_of_aboriginal_america",
          "deps": []
        },
        {
          "ref": "history_of_the_united_states_volume_5",
          "deps": []
        },
        {
          "ref": "france_and_england_in_north_america_part_ii_the_jesuits_in_north_america_in_the_seventeenth_century",
          "deps": []
        },
        {
          "ref": "the_shirley_letters_from_california_mines_in_185152",
          "deps": []
        },
        {
          "ref": "declaration_of_independence_of_the_united_states_of_america",
          "deps": []
        },
        {
          "ref": "the_sequel_of_appomattox_a_chronicle_of_the_reunion_of_the_states",
          "deps": []
        },
        {
          "ref": "the_american_spirit_in_literature_a_chronicle_of_great_interpreters",
          "deps": []
        },
        {
          "ref": "letters_from_port_royal",
          "deps": []
        },
        {
          "ref": "the_eve_of_the_revolution_a_chronicle_of_the_breach_with_england",
          "deps": []
        },
        {
          "ref": "the_oregon_trail_sketches_of_prairie_and_rockymountain_life",
          "deps": []
        },
        {
          "ref": "collection_of_nebraska_pioneer_reminiscences",
          "deps": []
        },
        {
          "ref": "colonial_records_of_virginia",
          "deps": []
        },
        {
          "ref": "history_of_the_thirtyninth_congress_of_the_united_states",
          "deps": []
        },
        {
          "ref": "the_boss_and_the_machine_a_chronicle_of_the_politicians_and_party_organization",
          "deps": []
        },
        {
          "ref": "the_western_united_states_a_geographical_reader",
          "deps": []
        },
        {
          "ref": "experiments_in_government_and_the_essentials_of_the_constitution",
          "deps": []
        }
      ]
    }
  },
  "outputs": {
    "main": {
      "items": [
        {
          "ref": "us-bookshelf-raw",
          "appendMode": false
        }
      ]
    }
  },
  "versionTag": {
    "versionNumber": 1,
    "lastModifiedBy": {
      "login": "xavier"
    },
    "lastModifiedOn": 1603144668895
  },
  "creationTag": {
    "versionNumber": 0,
    "lastModifiedBy": {
      "login": "xavier"
    },
    "lastModifiedOn": 1603144665776
  },
  "tags": [],
  "customFields": {},
  "checklists": {
    "checklists": []
  }
}