{
  "type": "vstack",
  "neverRecomputeExistingPartitions": false,
  "optionalDependencies": false,
  "customMeta": {
    "kv": {}
  },
  "redispatchPartitioning": false,
  "maxRunningActivities": 0,
  "inputs": {
    "main": {
      "items": [
        {
          "ref": "a_study_of_pueblo_pottery",
          "deps": []
        },
        {
          "ref": "the_new_york_times_current_history_the_european_war_february_1915",
          "deps": []
        },
        {
          "ref": "eminent_victorians",
          "deps": []
        },
        {
          "ref": "throwingsticks_in_the_nat",
          "deps": []
        },
        {
          "ref": "daniel_boone",
          "deps": []
        },
        {
          "ref": "who_was_who_5000_b_c_to_d",
          "deps": []
        },
        {
          "ref": "a_study_of_pueblo_archite",
          "deps": []
        },
        {
          "ref": "dewey_and_other_naval_com",
          "deps": []
        },
        {
          "ref": "current_history_a_monthly_magazine_of_the_new_york_times_may_1918",
          "deps": []
        },
        {
          "ref": "frederick_douglass",
          "deps": []
        },
        {
          "ref": "queen_victoria",
          "deps": []
        },
        {
          "ref": "new_york_times_current_history_the_european_war_vol_2_no_4_july_1915",
          "deps": []
        },
        {
          "ref": "saint_augustin",
          "deps": []
        },
        {
          "ref": "new_york_times_current_history_the_european_war_vol_2_no_5_august_1915",
          "deps": []
        },
        {
          "ref": "animal_carvings_from_moun",
          "deps": []
        },
        {
          "ref": "john_jacob_astor",
          "deps": []
        },
        {
          "ref": "current_history_vol_viii_no_3_june_1918",
          "deps": []
        },
        {
          "ref": "archeological_expedition_",
          "deps": []
        },
        {
          "ref": "real_soldiers_of_fortune",
          "deps": []
        },
        {
          "ref": "life_and_letters_of_rober",
          "deps": []
        },
        {
          "ref": "andrew_marvell",
          "deps": []
        },
        {
          "ref": "george_borrow_and_his_cir",
          "deps": []
        },
        {
          "ref": "fifty_famous_people_a_boo",
          "deps": []
        },
        {
          "ref": "how_to_observe_in_archaeo",
          "deps": []
        },
        {
          "ref": "reminiscences_of_tolstoy_",
          "deps": []
        },
        {
          "ref": "american_boys_life_of_the",
          "deps": []
        },
        {
          "ref": "origin_and_development_of",
          "deps": []
        },
        {
          "ref": "pagan_and_christian_rome",
          "deps": []
        },
        {
          "ref": "an_introduction_to_the_mo",
          "deps": []
        },
        {
          "ref": "prehistoric_textile_art_o",
          "deps": []
        },
        {
          "ref": "eugene_field_a_study_in_h",
          "deps": []
        },
        {
          "ref": "history_of_egypt_chaldea_",
          "deps": []
        },
        {
          "ref": "the_story_of_burnt_njal_t",
          "deps": []
        },
        {
          "ref": "memoirs_of_the_private_li",
          "deps": []
        },
        {
          "ref": "the_forest_of_dean_an_his",
          "deps": []
        },
        {
          "ref": "knights_of_art_stories_of",
          "deps": []
        },
        {
          "ref": "a_w_kinglake_a_biographic",
          "deps": []
        },
        {
          "ref": "archeological_investigati",
          "deps": []
        },
        {
          "ref": "the_new_york_times_current_history_of_the_european_war_vol_1_january_9_1915",
          "deps": []
        },
        {
          "ref": "milton",
          "deps": []
        },
        {
          "ref": "the_new_york_times_current_history_of_the_european_war_vol_1_issue_4_january_23_1915",
          "deps": []
        },
        {
          "ref": "new_york_times_current_history_the_european_war_vol_2_no_2_may_1915",
          "deps": []
        },
        {
          "ref": "william_lloyd_garrison_th",
          "deps": []
        },
        {
          "ref": "notable_voyagers_from_col",
          "deps": []
        },
        {
          "ref": "ten_boys_from_history",
          "deps": []
        },
        {
          "ref": "the_problem_of_the_ohio_m",
          "deps": []
        },
        {
          "ref": "critical_miscellanies_vol",
          "deps": []
        },
        {
          "ref": "new_york_times_current_history_the_european_war_vol_2_no_3_june_1915",
          "deps": []
        },
        {
          "ref": "representative_men_seven_",
          "deps": []
        },
        {
          "ref": "robert_louis_stevenson_a_",
          "deps": []
        },
        {
          "ref": "susan_b_anthony",
          "deps": []
        },
        {
          "ref": "the_mound_builders",
          "deps": []
        },
        {
          "ref": "famous_affinities_of_hist",
          "deps": []
        },
        {
          "ref": "seven_wives_and_seven_pri",
          "deps": []
        },
        {
          "ref": "the_american_journal_of_a",
          "deps": []
        },
        {
          "ref": "the_everyday_life_of_abra",
          "deps": []
        },
        {
          "ref": "prince_henry_the_navigato",
          "deps": []
        },
        {
          "ref": "roman_britain_in_1914",
          "deps": []
        },
        {
          "ref": "the_story_of_young_abraha",
          "deps": []
        },
        {
          "ref": "illustrated_catalogue_of_",
          "deps": []
        },
        {
          "ref": "chaldea_from_the_earliest",
          "deps": []
        },
        {
          "ref": "kepler",
          "deps": []
        },
        {
          "ref": "stories_of_great_inventor",
          "deps": []
        },
        {
          "ref": "omaha_dwellings_furniture",
          "deps": []
        },
        {
          "ref": "cardinal_wolsey",
          "deps": []
        },
        {
          "ref": "the_life_of_froude",
          "deps": []
        },
        {
          "ref": "life_of_harriet_beecher_s",
          "deps": []
        },
        {
          "ref": "martin_luther",
          "deps": []
        },
        {
          "ref": "the_life_of_me_an_autobio",
          "deps": []
        },
        {
          "ref": "biographical_notes_on_the",
          "deps": []
        },
        {
          "ref": "george_du_maurier_the_sat",
          "deps": []
        },
        {
          "ref": "memoirs_of_the_comtesse_d",
          "deps": []
        },
        {
          "ref": "famous_men_of_the_middle_",
          "deps": []
        },
        {
          "ref": "new_york_times_current_history_the_european_war_vol_2_no_1_april_1915",
          "deps": []
        },
        {
          "ref": "bacon",
          "deps": []
        },
        {
          "ref": "new_york_times_current_history_the_european_war_from_the_beginning_to_march_1915_vol_1_no_2",
          "deps": []
        },
        {
          "ref": "the_life_of_william_ewart",
          "deps": []
        },
        {
          "ref": "the_lives_of_the_poets_of",
          "deps": []
        },
        {
          "ref": "the_cliff_ruins_of_canyon",
          "deps": []
        }
      ]
    }
  },
  "outputs": {
    "main": {
      "items": [
        {
          "ref": "more-raw-data",
          "appendMode": false
        }
      ]
    }
  },
  "versionTag": {
    "versionNumber": 1,
    "lastModifiedBy": {
      "login": "xavier"
    },
    "lastModifiedOn": 1602948387547
  },
  "creationTag": {
    "versionNumber": 0,
    "lastModifiedBy": {
      "login": "xavier"
    },
    "lastModifiedOn": 1602948385099
  },
  "tags": [],
  "customFields": {},
  "checklists": {
    "checklists": []
  }
}