{
  "type": "spark_scala",
  "neverRecomputeExistingPartitions": false,
  "optionalDependencies": false,
  "params": {
    "useGlobalMetastore": false,
    "codeMode": "FREE_FORM",
    "sparkConfig": {
      "inheritConf": "default",
      "conf": []
    },
    "executionEngine": "SPARK_SUBMIT",
    "pipelineAllowStart": true,
    "pipelineAllowMerge": true,
    "skipPrerunValidate": false
  },
  "customMeta": {
    "kv": {}
  },
  "redispatchPartitioning": false,
  "maxRunningActivities": 0,
  "inputs": {
    "main": {
      "items": [
        {
          "ref": "largest-raw-cleaned-lemma",
          "deps": []
        }
      ]
    }
  },
  "outputs": {
    "main": {
      "items": [
        {
          "ref": "tfidf-large",
          "appendMode": false
        }
      ]
    }
  },
  "versionTag": {
    "versionNumber": 2,
    "lastModifiedBy": {
      "login": "xavier"
    },
    "lastModifiedOn": 1603149217405
  },
  "creationTag": {
    "versionNumber": 0,
    "lastModifiedBy": {
      "login": "xavier"
    },
    "lastModifiedOn": 1603149148564
  },
  "tags": [],
  "customFields": {},
  "checklists": {
    "checklists": []
  }
}