{
  "type": "sync",
  "neverRecomputeExistingPartitions": false,
  "optionalDependencies": false,
  "params": {
    "schemaMode": "STRICT_SYNC",
    "forcePipelineableForTests": false,
    "engineParams": {
      "maxThreads": 4,
      "tdchParams": {
        "splitMode": "DEFAULT",
        "numberOfExecutors": 2
      },
      "sparkSQL": {
        "overwriteOutputSchema": false,
        "useGlobalMetastore": false,
        "readParams": {
          "mode": "AUTO",
          "autoModeRepartitionInto": 10,
          "map": {}
        },
        "sparkConfig": {
          "inheritConf": "default",
          "conf": []
        },
        "executionEngine": "SPARK_SUBMIT",
        "pipelineAllowStart": true,
        "pipelineAllowMerge": true,
        "skipPrerunValidate": false
      },
      "impala": {
        "forceStreamMode": true
      },
      "hive": {
        "inheritConf": "default",
        "hiveconf": [],
        "executionEngine": "HIVESERVER2",
        "addDkuUdf": false,
        "skipPrerunValidate": false
      },
      "sqlPipelineParams": {
        "pipelineAllowStart": true,
        "pipelineAllowMerge": true
      },
      "lowerCaseSchemaIfEngineRequiresIt": false
    }
  },
  "customMeta": {
    "kv": {}
  },
  "redispatchPartitioning": false,
  "maxRunningActivities": 0,
  "inputs": {
    "main": {
      "items": [
        {
          "ref": "image-cloud",
          "deps": []
        }
      ]
    }
  },
  "outputs": {
    "main": {
      "items": [
        {
          "ref": "image_cloud_mongo",
          "appendMode": false
        }
      ]
    }
  },
  "versionTag": {
    "versionNumber": 8,
    "lastModifiedBy": {
      "login": "xavier"
    },
    "lastModifiedOn": 1604933185660
  },
  "creationTag": {
    "versionNumber": 0,
    "lastModifiedBy": {
      "login": "xavier"
    },
    "lastModifiedOn": 1604930020127
  },
  "tags": [],
  "customFields": {},
  "checklists": {
    "checklists": []
  }
}