{
  "type": "python",
  "neverRecomputeExistingPartitions": false,
  "optionalDependencies": false,
  "params": {
    "envSelection": {
      "envMode": "INHERIT"
    },
    "containerSelection": {
      "containerMode": "INHERIT"
    },
    "skipPrerunValidate": false
  },
  "customMeta": {
    "kv": {}
  },
  "redispatchPartitioning": false,
  "maxRunningActivities": 0,
  "inputs": {
    "main": {
      "items": [
        {
          "ref": "largest-raw-compressed",
          "deps": []
        }
      ]
    }
  },
  "outputs": {
    "main": {
      "items": [
        {
          "ref": "tf-idf-compressed",
          "appendMode": false
        }
      ]
    }
  },
  "versionTag": {
    "versionNumber": 21,
    "lastModifiedBy": {
      "login": "xavier"
    },
    "lastModifiedOn": 1604444981994
  },
  "creationTag": {
    "versionNumber": 0,
    "lastModifiedBy": {
      "login": "xavier"
    },
    "lastModifiedOn": 1604432601649
  },
  "tags": [],
  "customFields": {},
  "checklists": {
    "checklists": []
  }
}