{
  "type": "python",
  "neverRecomputeExistingPartitions": false,
  "optionalDependencies": false,
  "params": {
    "envSelection": {
      "envMode": "EXPLICIT_ENV",
      "envName": "sparknlp"
    },
    "containerSelection": {
      "containerMode": "NONE"
    },
    "skipPrerunValidate": false
  },
  "customMeta": {
    "kv": {}
  },
  "redispatchPartitioning": false,
  "maxRunningActivities": 0,
  "inputs": {
    "main": {
      "items": [
        {
          "ref": "largest-raw-compressed",
          "deps": []
        }
      ]
    }
  },
  "outputs": {
    "main": {
      "items": [
        {
          "ref": "ner-python-compressed",
          "appendMode": false
        }
      ]
    }
  },
  "versionTag": {
    "versionNumber": 8,
    "lastModifiedBy": {
      "login": "xavier"
    },
    "lastModifiedOn": 1604430963911
  },
  "creationTag": {
    "versionNumber": 0,
    "lastModifiedBy": {
      "login": "xavier"
    },
    "lastModifiedOn": 1603656405782
  },
  "tags": [],
  "customFields": {},
  "checklists": {
    "checklists": []
  }
}